id,name,email,country
1,Pamela Burgess,kaufmanhayley@escobar.com,Namibia
2,Phyllis Hart,ygilbert@gmail.com,Czech Republic
3,Nancy Whitehead,cindyzuniga@murphy.com,Turkmenistan
4,Ross Richard,dawn07@adams.com,Syrian Arab Republic
5,Andrea Hernandez,tgordon@serrano.com,Congo
6,Kristy Torres,martinezkenneth@rodriguez-cook.net,Albania
7,Monica Jackson,brucedavid@wiggins-lopez.net,Brunei Darussalam
8,Brandon Mcneil,jasminekhan@rice-martinez.com,Austria
9,Jessica Mitchell,shepparddenise@gmail.com,Dominica
10,Nicholas Taylor,carsonsamuel@gmail.com,South Georgia and the South Sandwich Islands
11,Bobby Johnson,ldixon@phillips.com,Norway
12,Billy Cooper,solomonmaureen@welch-griffith.info,Ukraine
13,Eric Morris,john67@gmail.com,Andorra
14,Dr. Sophia Edwards MD,elizabethmoody@torres.com,Norfolk Island
15,Edward Harris,christinamcclure@taylor.com,Pitcairn Islands
16,Robin Farrell,howard04@gmail.com,Mauritania
17,Judy Barrera,jrowe@mullins-miller.com,Heard Island and McDonald Islands
18,Brian Mcclain,stanleyarcher@yahoo.com,Somalia
19,Gary Woodard,ricky02@evans-bennett.net,Belize
20,Danielle Rogers,christian30@hotmail.com,Sri Lanka
21,Robert Friedman,sandra15@gmail.com,Kiribati
22,Michael Wallace,huangwilliam@sloan.com,Saint Helena
23,Tyler Woods,treed@shannon-mann.com,Northern Mariana Islands
24,John Murray,williamsemily@yahoo.com,Maldives
25,Mitchell Scott,connie54@hall.com,Gibraltar
26,Melissa Blackburn,campbellmichelle@hotmail.com,Saudi Arabia
27,Daryl Martinez,batesmicheal@orr.com,Afghanistan
28,Meagan Williamson,thomas28@yahoo.com,Saint Barthelemy
29,Madison Arnold,zhernandez@yahoo.com,United States Minor Outlying Islands
30,Amanda Herrera,stevensadrienne@ellis.net,Faroe Islands
31,Lindsay Hamilton,phowell@gmail.com,Afghanistan
32,Natalie Dickerson,fritzanthony@smith-jones.com,Central African Republic
33,Terry Daniels,wesley80@gmail.com,Bouvet Island (Bouvetoya)
34,Bethany Willis,aharris@yahoo.com,Sri Lanka
35,Linda Cisneros,dillonbarnett@martinez-hill.com,Vietnam
36,Eric Porter,ostafford@yahoo.com,Italy
37,Sarah Stewart,llewis@gmail.com,Denmark
38,James Patel,cthomas@yahoo.com,Mali
39,Lacey Hendrix,amandaward@smith-smith.info,China
40,Steven Morales,vcook@gmail.com,Estonia
41,Jody Crawford,timothy12@carpenter.biz,Gabon
42,Billy Giles,sheenaolson@yahoo.com,Tuvalu
43,Matthew Porter,jennifer17@hotmail.com,Norway
44,Christopher Gill,tylerjefferson@ward.com,Somalia
45,Brittany Franco,thomas38@hotmail.com,Heard Island and McDonald Islands
46,Daniel Black,garciawendy@yahoo.com,Zambia
47,Heidi Dawson,reedashley@smith-lee.org,Central African Republic
48,Adam Russell,gjames@gmail.com,Indonesia
49,Eric Roberts,nixonjoseph@chung.biz,Mauritania
50,Joanne Baker,kimberlyle@yahoo.com,Tonga
51,Joe Johns,kwashington@vargas.com,United States Virgin Islands
52,Bradley Mendoza,andrewmccormick@harrell-jenkins.org,Indonesia
53,Kyle Dean,larsontina@turner.com,Cuba
54,Judy Pena,wjohnson@allen.net,Venezuela
55,Joseph Hickman,melissa53@gmail.com,French Guiana
56,Dr. Ashley Wong,coopermark@hotmail.com,Palau
57,William Johnson Jr.,matajulie@garcia-mcdonald.com,South Georgia and the South Sandwich Islands
58,Rodney Gallegos,williscrystal@gmail.com,Kyrgyz Republic
59,Justin Reese,brockkathleen@gmail.com,New Caledonia
60,William Yoder,ashley89@wright.com,Botswana
61,Claudia Smith,cgarcia@walton.com,Lithuania
62,Austin Mercado,ishields@gmail.com,Wallis and Futuna
63,Gregory Bender,thomaskimberly@yahoo.com,Cyprus
64,Mark English,youngjacob@hensley.com,Qatar
65,Jeanette Steele,qhughes@johnson.com,Pakistan
66,Raymond Holder,robingarcia@travis.com,Brunei Darussalam
67,Elijah Johnston,markflores@hoffman.biz,Cyprus
68,Cole Park Jr.,oliviarobinson@yahoo.com,Bhutan
69,Roger Ali,clarkejustin@smith.info,Samoa
70,Steven Moore,jodialvarez@hotmail.com,Cook Islands
71,Derrick Rivers,hodgejeff@molina.info,San Marino
72,Brandon Cook,bobby71@gmail.com,Bulgaria
73,Amy Turner,robertbell@yahoo.com,Myanmar
74,Gerald Brown,xhuerta@gmail.com,Solomon Islands
75,Jennifer Gibson,kevinlamb@dickson.biz,Norfolk Island
76,Mark Leon,jesus51@yahoo.com,New Zealand
77,Alison Gross,jared58@duncan.biz,Tajikistan
78,Jeffery Boyd,millershelly@chapman.com,Guinea
79,Austin Charles,juliemendez@hunter.com,Armenia
80,Austin Anderson,kyle70@huffman.biz,Tokelau
81,Sherry Jones,ashleyjesse@hurst.com,Armenia
82,Kristina Arellano,jennifer62@yahoo.com,Sudan
83,John Oconnor,banksmegan@cummings.org,Fiji
84,Mario Tran,preston50@davis-gomez.net,Pakistan
85,Jaclyn Miller,jameskristen@gmail.com,Bahamas
86,Alyssa Coleman,cobbdavid@hotmail.com,Norway
87,Javier Wright,hickmanrobert@yahoo.com,Luxembourg
88,Valerie Webb,billy29@hotmail.com,Denmark
89,Jerry Bradford,julie87@ryan-martinez.info,Vietnam
90,Beth Rich,kmarshall@gmail.com,Falkland Islands (Malvinas)
91,Anthony White,mirandawells@garcia.com,United States Minor Outlying Islands
92,Ann Aguirre,chungelizabeth@gmail.com,Turks and Caicos Islands
93,Phillip Patterson,danabaker@carroll.com,Bahamas
94,Kendra Alvarado,samanthasilva@gmail.com,Northern Mariana Islands
95,Christopher Taylor,sarahhess@yahoo.com,China
96,Hannah Thomas,rodgersaaron@yahoo.com,Guatemala
97,Tammy Weaver,yolandahenry@williams-vaughn.net,Sweden
98,Samuel Chaney,edward64@young.com,Iran
99,Rebecca Baker,xadams@fisher.com,Rwanda
100,Shawn Watson,graywhitney@wood-wheeler.com,Bahrain
